date,ticker,name,entry_price,signal,current_price,return_pct,strategy_return_pct,days_tracked,last_updated,status,type,pattern,momentum,prev_momentum,energy_level,squeeze_on,fired,market_regime,benchmark_ticker,value_score
2026-09-28,000014.SZ,沙河股份,11.199999809265137,買入 (動能增強),11.199999809265137,0.0,0.0,0,2026-09-28,tracking,buy,squeeze,0.1000000635782877,-0.0833333333333333,0,True,False,unknown,000300.SS,
2026-09-28,002962.SZ,五方光电,14.760000228881836,強烈買入 (爆發),14.760000228881836,0.0,0.0,0,2026-09-28,tracking,buy,squeeze,0.7550002733866373,0.5166668891906738,0,False,True,unknown,000300.SS,
2026-09-28,300162.SZ,雷曼光电,8.670000076293945,買入 (動能增強),8.670000076293945,0.0,0.0,0,2026-09-28,tracking,buy,squeeze,0.3083333174387613,0.1300000349680582,0,True,False,unknown,000300.SS,
2026-09-28,300311.SZ,任子行,6.210000038146973,買入 (動能增強),6.210000038146973,0.0,0.0,0,2026-09-28,tracking,buy,squeeze,0.3866666952768961,0.2700000603993733,0,True,False,unknown,000300.SS,
2026-09-28,300659.SZ,中孚信息,11.600000381469728,買入 (動能增強),11.600000381469728,0.0,0.0,0,2026-09-28,tracking,buy,squeeze,0.6516666412353516,0.348333199818929,0,True,False,unknown,000300.SS,
2026-09-28,300817.SZ,双飞集团,17.6299991607666,強烈賣出 (跌破),17.6299991607666,0.0,0.0,0,2026-09-28,tracking,sell,squeeze,-0.16666666666666663,-0.4449996948242187,0,False,True,unknown,000300.SS,
2026-09-28,301081.SZ,严牌股份,17.59000015258789,買入 (動能增強),17.59000015258789,0.0,0.0,0,2026-09-28,tracking,buy,squeeze,1.294999917348226,1.2366665204366047,0,True,False,unknown,000300.SS,
2026-09-28,600006.SS,东风股份,5.829999923706055,強烈買入 (爆發),5.829999923706055,0.0,0.0,0,2026-09-28,tracking,buy,squeeze,0.0666666030883789,-0.0200000603993733,0,False,True,unknown,000300.SS,
2026-09-28,603418.SS,友升股份,48.75,買入 (動能增強),48.75,0.0,0.0,0,2026-09-28,tracking,buy,squeeze,0.4800008138020832,0.0500005086263019,0,True,False,unknown,000300.SS,
2026-09-28,603727.SS,博迈科,19.18000030517578,買入 (動能增強),19.18000030517578,0.0,0.0,0,2026-09-28,tracking,buy,squeeze,0.5516668955485026,0.150000254313151,0,True,False,unknown,000300.SS,
2026-09-28,688152.SS,麒麟信安,39.45000076293945,買入 (動能增強),39.45000076293945,0.0,0.0,0,2026-09-28,tracking,buy,squeeze,0.6349989573160807,-0.8050009409586588,1,True,False,unknown,000300.SS,
2026-09-25,000001.SZ,Ping An Bank,11.300000190734863,賣出 (動能轉弱),11.300000190734863,0.0,-0.0,3,2026-09-28,tracking,sell,squeeze,-0.1927909851074218,-0.1581969261169433,0,True,False,unknown,000300.SS,
2026-09-25,000651.SZ,Gree Electric,38.5,觀察 (跌勢收斂),38.400001525878906,-0.2597362964184253,-0.2597362964184253,3,2026-09-28,tracking,buy,squeeze,-0.3933334350585937,-0.5700003306070963,0,True,False,unknown,000300.SS,
2026-09-25,600887.SS,Yili,26.89999961853028,買入 (動能增強),27.030000686645508,0.4832753530066037,0.4832753530066037,3,2026-09-28,tracking,buy,squeeze,0.1283330917358398,-6.938893903907228e-18,1,True,False,unknown,000300.SS,
2026-09-25,601138.SS,Foxconn Industrial Internet,61.0,賣出 (動能轉弱),58.91999816894531,-3.409839067302766,3.409839067302766,3,2026-09-28,tracking,sell,squeeze,-1.3483333587646484,-1.1416657765706382,0,True,False,unknown,000300.SS,
2026-09-25,601288.SS,Agricultural Bank of China,6.869999885559082,觀察 (跌勢收斂),6.860000133514404,-0.1455568007460592,-0.1455568007460592,3,2026-09-28,tracking,buy,squeeze,-0.0566667715708414,-0.0816667079925537,0,True,False,unknown,000300.SS,
2026-09-25,601398.SS,Industrial and Commercial Bank of China,8.130000114440918,買入 (動能增強),8.149999618530273,0.2459963567999382,0.2459963567999382,3,2026-09-28,tracking,buy,squeeze,0.0249999364217122,-7.94728597028338e-08,0,True,False,unknown,000300.SS,
2026-09-25,603288.SS,Foshan Haitian,33.93000030517578,賣出 (動能轉弱),32.93000030517578,-2.947244300046343,2.947244300046343,3,2026-09-28,tracking,sell,squeeze,-0.0983333587646484,-0.0266666412353515,2,True,False,unknown,000300.SS,
2026-09-24,000701.SZ,厦门信达,5.460000038146973,買入 (動能增強),5.170000076293945,-5.311354575584366,-5.311354575584366,4,2026-09-28,tracking,buy,squeeze,0.0266668001810709,0.0100001494089762,0,True,False,unknown,000300.SS,
2026-09-24,002205.SZ,国统股份,12.779999732971191,強烈買入 (爆發),11.600000381469728,-9.23317195740762,-9.23317195740762,4,2026-09-28,tracking,buy,squeeze,0.1166664759318033,-0.2183334032694498,0,False,True,unknown,000300.SS,
2026-09-24,002321.SZ,华英农业,2.2699999809265137,買入 (動能增強),2.119999885559082,-6.607933772149559,-6.607933772149559,4,2026-09-28,tracking,buy,squeeze,0.028333306312561,0.0083333253860473,0,True,False,unknown,000300.SS,
2026-09-24,002413.SZ,雷科防务,8.970000267028809,強烈買入 (爆發),9.18000030517578,2.3411374793250963,2.3411374793250963,4,2026-09-28,tracking,buy,squeeze,0.2049999237060547,0.1183331807454427,0,False,True,unknown,000300.SS,
2026-09-24,300305.SZ,裕兴股份,7.159999847412109,強烈買入 (爆發),6.409999847412109,-10.474860558426938,-10.474860558426938,4,2026-09-28,tracking,buy,squeeze,0.2233333587646484,0.0933334032694498,0,False,True,unknown,000300.SS,
2026-09-24,300599.SZ,雄塑科技,13.6899995803833,強烈買入 (爆發),14.739999771118164,7.669833622489159,7.669833622489159,4,2026-09-28,tracking,buy,squeeze,0.8033332824707031,0.4433333079020182,0,False,True,unknown,000300.SS,
2026-09-24,300647.SZ,超频三,9.5600004196167,強烈買入 (爆發),9.520000457763672,-0.4184096244488565,-0.4184096244488565,4,2026-09-28,tracking,buy,squeeze,0.3533333937327066,0.0949999491373697,0,False,True,unknown,000300.SS,
